Projectname,Language,User,Theme,show,
Godot-Save-Template,GDScript,weuritz8u,Template,1,
3ma-to-obj-converter-python,Python,weuritz8u,Toolscript,1,
change-file-edittime,Powershell,weuritz8u,Toolscript,1,
local-HTTP-server,Python,weuritz8u,Toolscript,1,
read-wlan-password,Batchfile,weuritz8u,Toolscript,1,
run-without-admin-rights,Batchfile,weuritz8u,Toolscript,1,
visualnovel-march-2025,GDScript,weuritz8u,Game,1,
change-file-extension,Powershell,weuritz8u,Toolscript,1,
HTML-Template,CSS,weuritz8u,Template,1,
projectlist,Markdown,weuritz8u,Info,0,
weuritz8u,Markdown,weuritz8u,Info,0,
weuritz8u.github.io,None,weuritz8u,Info,0,
